--------------------------------------------------------
--  File created - Wednesday-January-11-2017   
--------------------------------------------------------
DROP TABLE "AES_USER"."AES_ASSESSMENT";
DROP TABLE "AES_USER"."AES_ASSESSMENT_AUTH";
DROP TABLE "AES_USER"."AES_ASSESSMENT_DRAG_DROP";
DROP TABLE "AES_USER"."AES_ASSESSMENT_OPTIONS";
DROP TABLE "AES_USER"."AES_CATEGORY";
DROP TABLE "AES_USER"."AES_DRAG_DROP";
DROP TABLE "AES_USER"."AES_FILE_UPLOAD";
DROP TABLE "AES_USER"."AES_FORMATS";
DROP TABLE "AES_USER"."AES_OPTIONS";
DROP TABLE "AES_USER"."AES_QUESTION";
DROP TABLE "AES_USER"."AES_QUESTION_CATEGORY";
DROP TABLE "AES_USER"."AES_QUESTION_TAG";
DROP TABLE "AES_USER"."AES_ROLES";
DROP TABLE "AES_USER"."AES_SECURITY";
DROP TABLE "AES_USER"."AES_SNIPPET_RESPONSE";
DROP TABLE "AES_USER"."AES_SNIPPET_TEMPLATE";
DROP TABLE "AES_USER"."AES_TAGS";
DROP TABLE "AES_USER"."AES_TEMPLATES";
DROP TABLE "AES_USER"."AES_TEMPLATE_QUESTION";
DROP TABLE "AES_USER"."AES_USERS";
DROP TABLE "AES_USER"."AES_USER_TRAINERS";
DROP SEQUENCE "AES_USER"."AES_ASSESSMENT_AUTH_SEQ";
DROP SEQUENCE "AES_USER"."AES_ASSESSMENT_DRAG_DROP_SEQ";
DROP SEQUENCE "AES_USER"."AES_ASSESSMENT_SEQ";
DROP SEQUENCE "AES_USER"."AES_CATEGORIES_SEQ";
DROP SEQUENCE "AES_USER"."AES_DRAG_DROP_SEQ";
DROP SEQUENCE "AES_USER"."AES_FILE_UPLOAD_SEQ";
DROP SEQUENCE "AES_USER"."AES_FORMATS_SEQ";
DROP SEQUENCE "AES_USER"."AES_OPTION_SEQ";
DROP SEQUENCE "AES_USER"."AES_QUESTION_SEQ";
DROP SEQUENCE "AES_USER"."AES_ROLES_SEQ";
DROP SEQUENCE "AES_USER"."AES_SNIPPET_TEMPLATE_SEQ";
DROP SEQUENCE "AES_USER"."AES_TAGS_SEQ";
DROP SEQUENCE "AES_USER"."AES_TEMPLATES_SEQ";
DROP SEQUENCE "AES_USER"."AES_TEMPLATE_QUESTION_SEQ";
DROP SEQUENCE "AES_USER"."AES_USERS_SEQ";
--------------------------------------------------------
--  DDL for Sequence AES_ASSESSMENT_AUTH_SEQ
--------------------------------------------------------

   CREATE SEQUENCE  "AES_USER"."AES_ASSESSMENT_AUTH_SEQ"  MINVALUE 1 MAXVALUE 9999999999999999999999999999 INCREMENT BY 1 START WITH 5 NOCACHE  NOORDER  NOCYCLE  NOPARTITION ;
--------------------------------------------------------
--  DDL for Sequence AES_ASSESSMENT_DRAG_DROP_SEQ
--------------------------------------------------------

   CREATE SEQUENCE  "AES_USER"."AES_ASSESSMENT_DRAG_DROP_SEQ"  MINVALUE 1 MAXVALUE 9999999999999999999999999999 INCREMENT BY 1 START WITH 1 NOCACHE  NOORDER  NOCYCLE  NOPARTITION ;
--------------------------------------------------------
--  DDL for Sequence AES_ASSESSMENT_SEQ
--------------------------------------------------------

   CREATE SEQUENCE  "AES_USER"."AES_ASSESSMENT_SEQ"  MINVALUE 1 MAXVALUE 9999999999999999999999999999 INCREMENT BY 1 START WITH 4 NOCACHE  NOORDER  NOCYCLE  NOPARTITION ;
--------------------------------------------------------
--  DDL for Sequence AES_CATEGORIES_SEQ
--------------------------------------------------------

   CREATE SEQUENCE  "AES_USER"."AES_CATEGORIES_SEQ"  MINVALUE 1 MAXVALUE 9999999999999999999999999999 INCREMENT BY 1 START WITH 2 NOCACHE  NOORDER  NOCYCLE  NOPARTITION ;
--------------------------------------------------------
--  DDL for Sequence AES_DRAG_DROP_SEQ
--------------------------------------------------------

   CREATE SEQUENCE  "AES_USER"."AES_DRAG_DROP_SEQ"  MINVALUE 1 MAXVALUE 9999999999999999999999999999 INCREMENT BY 1 START WITH 1 NOCACHE  NOORDER  NOCYCLE  NOPARTITION ;
--------------------------------------------------------
--  DDL for Sequence AES_FILE_UPLOAD_SEQ
--------------------------------------------------------

   CREATE SEQUENCE  "AES_USER"."AES_FILE_UPLOAD_SEQ"  MINVALUE 1 MAXVALUE 9999999999999999999999999999 INCREMENT BY 1 START WITH 1 NOCACHE  NOORDER  NOCYCLE  NOPARTITION ;
--------------------------------------------------------
--  DDL for Sequence AES_FORMATS_SEQ
--------------------------------------------------------

   CREATE SEQUENCE  "AES_USER"."AES_FORMATS_SEQ"  MINVALUE 1 MAXVALUE 9999999999999999999999999999 INCREMENT BY 1 START WITH 8 NOCACHE  NOORDER  NOCYCLE  NOPARTITION ;
--------------------------------------------------------
--  DDL for Sequence AES_OPTION_SEQ
--------------------------------------------------------

   CREATE SEQUENCE  "AES_USER"."AES_OPTION_SEQ"  MINVALUE 1 MAXVALUE 9999999999999999999999999999 INCREMENT BY 1 START WITH 1 NOCACHE  NOORDER  NOCYCLE  NOPARTITION ;
--------------------------------------------------------
--  DDL for Sequence AES_QUESTION_SEQ
--------------------------------------------------------

   CREATE SEQUENCE  "AES_USER"."AES_QUESTION_SEQ"  MINVALUE 1 MAXVALUE 9999999999999999999999999999 INCREMENT BY 1 START WITH 1 NOCACHE  NOORDER  NOCYCLE  NOPARTITION ;
--------------------------------------------------------
--  DDL for Sequence AES_ROLES_SEQ
--------------------------------------------------------

   CREATE SEQUENCE  "AES_USER"."AES_ROLES_SEQ"  MINVALUE 1 MAXVALUE 9999999999999999999999999999 INCREMENT BY 1 START WITH 5 NOCACHE  NOORDER  NOCYCLE  NOPARTITION ;
--------------------------------------------------------
--  DDL for Sequence AES_SNIPPET_TEMPLATE_SEQ
--------------------------------------------------------

   CREATE SEQUENCE  "AES_USER"."AES_SNIPPET_TEMPLATE_SEQ"  MINVALUE 1 MAXVALUE 9999999999999999999999999999 INCREMENT BY 1 START WITH 1 NOCACHE  NOORDER  NOCYCLE  NOPARTITION ;
--------------------------------------------------------
--  DDL for Sequence AES_TAGS_SEQ
--------------------------------------------------------

   CREATE SEQUENCE  "AES_USER"."AES_TAGS_SEQ"  MINVALUE 1 MAXVALUE 9999999999999999999999999999 INCREMENT BY 1 START WITH 1 NOCACHE  NOORDER  NOCYCLE  NOPARTITION ;
--------------------------------------------------------
--  DDL for Sequence AES_TEMPLATES_SEQ
--------------------------------------------------------

   CREATE SEQUENCE  "AES_USER"."AES_TEMPLATES_SEQ"  MINVALUE 1 MAXVALUE 9999999999999999999999999999 INCREMENT BY 1 START WITH 1 NOCACHE  NOORDER  NOCYCLE  NOPARTITION ;
--------------------------------------------------------
--  DDL for Sequence AES_TEMPLATE_QUESTION_SEQ
--------------------------------------------------------

   CREATE SEQUENCE  "AES_USER"."AES_TEMPLATE_QUESTION_SEQ"  MINVALUE 1 MAXVALUE 9999999999999999999999999999 INCREMENT BY 1 START WITH 1 NOCACHE  NOORDER  NOCYCLE  NOPARTITION ;
--------------------------------------------------------
--  DDL for Sequence AES_USERS_SEQ
--------------------------------------------------------

   CREATE SEQUENCE  "AES_USER"."AES_USERS_SEQ"  MINVALUE 1 MAXVALUE 9999999999999999999999999999 INCREMENT BY 1 START WITH 15 NOCACHE  NOORDER  NOCYCLE  NOPARTITION ;
--------------------------------------------------------
--  DDL for Table AES_ASSESSMENT
--------------------------------------------------------

  CREATE TABLE "AES_USER"."AES_ASSESSMENT" 
   (	"ASSESSMENT_ID" NUMBER, 
	"USER_ID" NUMBER, 
	"GRADE" NUMBER, 
	"TIME_LIMIT" NUMBER, 
	"STARTED_TIMESTAMP" TIMESTAMP, 
	"FINISHED_TIMESTAMP" TIMESTAMP, 
	"TEMPLATE_ID" NUMBER
   ) SEGMENT CREATION IMMEDIATE 
  PCTFREE 10 PCTUSED 40 INITRANS 1 MAXTRANS 255 
 NOCOMPRESS LOGGING
  STORAGE(INITIAL 65536 NEXT 1048576 MINEXTENTS 1 MAXEXTENTS 2147483645
  PCTINCREASE 0 FREELISTS 1 FREELIST GROUPS 1
  BUFFER_POOL DEFAULT FLASH_CACHE DEFAULT CELL_FLASH_CACHE DEFAULT)
  TABLESPACE "USERS" ;
--------------------------------------------------------
--  DDL for Table AES_ASSESSMENT_AUTH
--------------------------------------------------------

  CREATE TABLE "AES_USER"."AES_ASSESSMENT_AUTH" 
   (	"ASSESSMENT_AUTH_ID" NUMBER, 
	"USER_ID" NUMBER NOT NULL, 
	"URL_AUTH" VARCHAR2(255 BYTE), 
	"URL_ASSESSMENT" VARCHAR2(255 BYTE)
   ) SEGMENT CREATION IMMEDIATE 
  PCTFREE 10 PCTUSED 40 INITRANS 1 MAXTRANS 255 
 NOCOMPRESS LOGGING
  STORAGE(INITIAL 65536 NEXT 1048576 MINEXTENTS 1 MAXEXTENTS 2147483645
  PCTINCREASE 0 FREELISTS 1 FREELIST GROUPS 1
  BUFFER_POOL DEFAULT FLASH_CACHE DEFAULT CELL_FLASH_CACHE DEFAULT)
  TABLESPACE "USERS" ;
--------------------------------------------------------
--  DDL for Table AES_ASSESSMENT_DRAG_DROP
--------------------------------------------------------

  CREATE TABLE "AES_USER"."AES_ASSESSMENT_DRAG_DROP" 
   (	"ASSESSMENT_DRAG_DROP_ID" NUMBER, 
	"ASSESSMENT_ID" NUMBER, 
	"DRAG_DROP_ID" NUMBER, 
	"USER_ORDER" NUMBER
   ) SEGMENT CREATION IMMEDIATE 
  PCTFREE 10 PCTUSED 40 INITRANS 1 MAXTRANS 255 
 NOCOMPRESS LOGGING
  STORAGE(INITIAL 65536 NEXT 1048576 MINEXTENTS 1 MAXEXTENTS 2147483645
  PCTINCREASE 0 FREELISTS 1 FREELIST GROUPS 1
  BUFFER_POOL DEFAULT FLASH_CACHE DEFAULT CELL_FLASH_CACHE DEFAULT)
  TABLESPACE "USERS" ;
--------------------------------------------------------
--  DDL for Table AES_ASSESSMENT_OPTIONS
--------------------------------------------------------

  CREATE TABLE "AES_USER"."AES_ASSESSMENT_OPTIONS" 
   (	"ASSESSMENT_ID" NUMBER, 
	"OPTION_ID" NUMBER
   ) SEGMENT CREATION IMMEDIATE 
  PCTFREE 10 PCTUSED 40 INITRANS 1 MAXTRANS 255 
 NOCOMPRESS LOGGING
  STORAGE(INITIAL 65536 NEXT 1048576 MINEXTENTS 1 MAXEXTENTS 2147483645
  PCTINCREASE 0 FREELISTS 1 FREELIST GROUPS 1
  BUFFER_POOL DEFAULT FLASH_CACHE DEFAULT CELL_FLASH_CACHE DEFAULT)
  TABLESPACE "USERS" ;
--------------------------------------------------------
--  DDL for Table AES_CATEGORY
--------------------------------------------------------

  CREATE TABLE "AES_USER"."AES_CATEGORY" 
   (	"CATEGORY_ID" NUMBER, 
	"CATEGORY_NAME" VARCHAR2(255 BYTE)
   ) SEGMENT CREATION IMMEDIATE 
  PCTFREE 10 PCTUSED 40 INITRANS 1 MAXTRANS 255 
 NOCOMPRESS LOGGING
  STORAGE(INITIAL 65536 NEXT 1048576 MINEXTENTS 1 MAXEXTENTS 2147483645
  PCTINCREASE 0 FREELISTS 1 FREELIST GROUPS 1
  BUFFER_POOL DEFAULT FLASH_CACHE DEFAULT CELL_FLASH_CACHE DEFAULT)
  TABLESPACE "USERS" ;
--------------------------------------------------------
--  DDL for Table AES_DRAG_DROP
--------------------------------------------------------

  CREATE TABLE "AES_USER"."AES_DRAG_DROP" 
   (	"DRAG_DROP_ID" NUMBER, 
	"QUESTION_ID" NUMBER, 
	"DRAG_DROP_TEXT" VARCHAR2(255 BYTE), 
	"CORRECT_ORDER" NUMBER
   ) SEGMENT CREATION IMMEDIATE 
  PCTFREE 10 PCTUSED 40 INITRANS 1 MAXTRANS 255 
 NOCOMPRESS LOGGING
  STORAGE(INITIAL 65536 NEXT 1048576 MINEXTENTS 1 MAXEXTENTS 2147483645
  PCTINCREASE 0 FREELISTS 1 FREELIST GROUPS 1
  BUFFER_POOL DEFAULT FLASH_CACHE DEFAULT CELL_FLASH_CACHE DEFAULT)
  TABLESPACE "USERS" ;
--------------------------------------------------------
--  DDL for Table AES_FILE_UPLOAD
--------------------------------------------------------

  CREATE TABLE "AES_USER"."AES_FILE_UPLOAD" 
   (	"FILE_ID" NUMBER, 
	"FILE_URL" VARCHAR2(255 BYTE), 
	"GRADE" NUMBER, 
	"QUESTION_ID" NUMBER, 
	"ASSESSMENT_ID" NUMBER
   ) SEGMENT CREATION IMMEDIATE 
  PCTFREE 10 PCTUSED 40 INITRANS 1 MAXTRANS 255 
 NOCOMPRESS LOGGING
  STORAGE(INITIAL 65536 NEXT 1048576 MINEXTENTS 1 MAXEXTENTS 2147483645
  PCTINCREASE 0 FREELISTS 1 FREELIST GROUPS 1
  BUFFER_POOL DEFAULT FLASH_CACHE DEFAULT CELL_FLASH_CACHE DEFAULT)
  TABLESPACE "USERS" ;
--------------------------------------------------------
--  DDL for Table AES_FORMATS
--------------------------------------------------------

  CREATE TABLE "AES_USER"."AES_FORMATS" 
   (	"FORMAT_ID" NUMBER, 
	"FORMAT_NAME" VARCHAR2(255 BYTE)
   ) SEGMENT CREATION IMMEDIATE 
  PCTFREE 10 PCTUSED 40 INITRANS 1 MAXTRANS 255 
 NOCOMPRESS LOGGING
  STORAGE(INITIAL 65536 NEXT 1048576 MINEXTENTS 1 MAXEXTENTS 2147483645
  PCTINCREASE 0 FREELISTS 1 FREELIST GROUPS 1
  BUFFER_POOL DEFAULT FLASH_CACHE DEFAULT CELL_FLASH_CACHE DEFAULT)
  TABLESPACE "USERS" ;
--------------------------------------------------------
--  DDL for Table AES_OPTIONS
--------------------------------------------------------

  CREATE TABLE "AES_USER"."AES_OPTIONS" 
   (	"OPTION_ID" NUMBER, 
	"OPTION_TEXT" VARCHAR2(255 BYTE), 
	"CORRECT" NUMBER, 
	"QUESTION_ID" NUMBER
   ) SEGMENT CREATION IMMEDIATE 
  PCTFREE 10 PCTUSED 40 INITRANS 1 MAXTRANS 255 
 NOCOMPRESS LOGGING
  STORAGE(INITIAL 65536 NEXT 1048576 MINEXTENTS 1 MAXEXTENTS 2147483645
  PCTINCREASE 0 FREELISTS 1 FREELIST GROUPS 1
  BUFFER_POOL DEFAULT FLASH_CACHE DEFAULT CELL_FLASH_CACHE DEFAULT)
  TABLESPACE "USERS" ;
--------------------------------------------------------
--  DDL for Table AES_QUESTION
--------------------------------------------------------

  CREATE TABLE "AES_USER"."AES_QUESTION" 
   (	"QUESTION_ID" NUMBER, 
	"QUESTION_FORMAT_ID" NUMBER, 
	"QUESTION_TEXT" VARCHAR2(255 BYTE)
   ) SEGMENT CREATION IMMEDIATE 
  PCTFREE 10 PCTUSED 40 INITRANS 1 MAXTRANS 255 
 NOCOMPRESS LOGGING
  STORAGE(INITIAL 65536 NEXT 1048576 MINEXTENTS 1 MAXEXTENTS 2147483645
  PCTINCREASE 0 FREELISTS 1 FREELIST GROUPS 1
  BUFFER_POOL DEFAULT FLASH_CACHE DEFAULT CELL_FLASH_CACHE DEFAULT)
  TABLESPACE "USERS" ;
--------------------------------------------------------
--  DDL for Table AES_QUESTION_CATEGORY
--------------------------------------------------------

  CREATE TABLE "AES_USER"."AES_QUESTION_CATEGORY" 
   (	"QUESTION_ID" NUMBER, 
	"CATEGORY_ID" NUMBER
   ) SEGMENT CREATION IMMEDIATE 
  PCTFREE 10 PCTUSED 40 INITRANS 1 MAXTRANS 255 
 NOCOMPRESS LOGGING
  STORAGE(INITIAL 65536 NEXT 1048576 MINEXTENTS 1 MAXEXTENTS 2147483645
  PCTINCREASE 0 FREELISTS 1 FREELIST GROUPS 1
  BUFFER_POOL DEFAULT FLASH_CACHE DEFAULT CELL_FLASH_CACHE DEFAULT)
  TABLESPACE "USERS" ;
--------------------------------------------------------
--  DDL for Table AES_QUESTION_TAG
--------------------------------------------------------

  CREATE TABLE "AES_USER"."AES_QUESTION_TAG" 
   (	"QUESTION_ID" NUMBER, 
	"TAG_ID" NUMBER
   ) SEGMENT CREATION IMMEDIATE 
  PCTFREE 10 PCTUSED 40 INITRANS 1 MAXTRANS 255 
 NOCOMPRESS LOGGING
  STORAGE(INITIAL 65536 NEXT 1048576 MINEXTENTS 1 MAXEXTENTS 2147483645
  PCTINCREASE 0 FREELISTS 1 FREELIST GROUPS 1
  BUFFER_POOL DEFAULT FLASH_CACHE DEFAULT CELL_FLASH_CACHE DEFAULT)
  TABLESPACE "USERS" ;
--------------------------------------------------------
--  DDL for Table AES_ROLES
--------------------------------------------------------

  CREATE TABLE "AES_USER"."AES_ROLES" 
   (	"ROLE_ID" NUMBER, 
	"ROLE_TITLE" VARCHAR2(255 BYTE)
   ) SEGMENT CREATION IMMEDIATE 
  PCTFREE 10 PCTUSED 40 INITRANS 1 MAXTRANS 255 
 NOCOMPRESS LOGGING
  STORAGE(INITIAL 65536 NEXT 1048576 MINEXTENTS 1 MAXEXTENTS 2147483645
  PCTINCREASE 0 FREELISTS 1 FREELIST GROUPS 1
  BUFFER_POOL DEFAULT FLASH_CACHE DEFAULT CELL_FLASH_CACHE DEFAULT)
  TABLESPACE "USERS" ;
--------------------------------------------------------
--  DDL for Table AES_SECURITY
--------------------------------------------------------

  CREATE TABLE "AES_USER"."AES_SECURITY" 
   (	"USER_ID" NUMBER, 
	"PASS_WORD" VARCHAR2(255 BYTE), 
	"VALID" NUMBER
   ) SEGMENT CREATION IMMEDIATE 
  PCTFREE 10 PCTUSED 40 INITRANS 1 MAXTRANS 255 
 NOCOMPRESS LOGGING
  STORAGE(INITIAL 65536 NEXT 1048576 MINEXTENTS 1 MAXEXTENTS 2147483645
  PCTINCREASE 0 FREELISTS 1 FREELIST GROUPS 1
  BUFFER_POOL DEFAULT FLASH_CACHE DEFAULT CELL_FLASH_CACHE DEFAULT)
  TABLESPACE "USERS" ;

--------------------------------------------------------
--  DDL for Table AES_SNIPPET_TEMPLATE
--------------------------------------------------------

  CREATE TABLE "AES_USER"."AES_SNIPPET_TEMPLATE" 
   (	"SNIPPET_TEMPLATE_ID" NUMBER, 
	"QUESTION_ID" NUMBER, 
	"FILE_TYPE" VARCHAR2(255 BYTE), 
	"SNIPPET_TEMPLATE_URL" VARCHAR2(255 BYTE), 
	"SOLUTION_URL" VARCHAR2(255 BYTE)
   ) SEGMENT CREATION IMMEDIATE 
  PCTFREE 10 PCTUSED 40 INITRANS 1 MAXTRANS 255 
 NOCOMPRESS LOGGING
  STORAGE(INITIAL 65536 NEXT 1048576 MINEXTENTS 1 MAXEXTENTS 2147483645
  PCTINCREASE 0 FREELISTS 1 FREELIST GROUPS 1
  BUFFER_POOL DEFAULT FLASH_CACHE DEFAULT CELL_FLASH_CACHE DEFAULT)
  TABLESPACE "USERS" ;
--------------------------------------------------------
--  DDL for Table AES_TAGS
--------------------------------------------------------

  CREATE TABLE "AES_USER"."AES_TAGS" 
   (	"TAG_ID" NUMBER, 
	"TAG_NAME" VARCHAR2(255 BYTE)
   ) SEGMENT CREATION IMMEDIATE 
  PCTFREE 10 PCTUSED 40 INITRANS 1 MAXTRANS 255 
 NOCOMPRESS LOGGING
  STORAGE(INITIAL 65536 NEXT 1048576 MINEXTENTS 1 MAXEXTENTS 2147483645
  PCTINCREASE 0 FREELISTS 1 FREELIST GROUPS 1
  BUFFER_POOL DEFAULT FLASH_CACHE DEFAULT CELL_FLASH_CACHE DEFAULT)
  TABLESPACE "USERS" ;
--------------------------------------------------------
--  DDL for Table AES_TEMPLATES
--------------------------------------------------------

  CREATE TABLE "AES_USER"."AES_TEMPLATES" 
   (	"TEMPLATE_ID" NUMBER, 
	"CREATED_TIMESTAMP" TIMESTAMP (6), 
	"CREATOR_ID" NUMBER
   ) SEGMENT CREATION IMMEDIATE 
  PCTFREE 10 PCTUSED 40 INITRANS 1 MAXTRANS 255 
 NOCOMPRESS LOGGING
  STORAGE(INITIAL 65536 NEXT 1048576 MINEXTENTS 1 MAXEXTENTS 2147483645
  PCTINCREASE 0 FREELISTS 1 FREELIST GROUPS 1
  BUFFER_POOL DEFAULT FLASH_CACHE DEFAULT CELL_FLASH_CACHE DEFAULT)
  TABLESPACE "USERS" ;
--------------------------------------------------------
--  DDL for Table AES_TEMPLATE_QUESTION
--------------------------------------------------------

  CREATE TABLE "AES_USER"."AES_TEMPLATE_QUESTION" 
   (	"TEMPLATE_QUESTION_ID" NUMBER, 
	"TEMPLATE_ID" NUMBER, 
	"QUESTION_ID" NUMBER, 
	"WEIGHT" NUMBER DEFAULT 1
   ) SEGMENT CREATION IMMEDIATE 
  PCTFREE 10 PCTUSED 40 INITRANS 1 MAXTRANS 255 
 NOCOMPRESS LOGGING
  STORAGE(INITIAL 65536 NEXT 1048576 MINEXTENTS 1 MAXEXTENTS 2147483645
  PCTINCREASE 0 FREELISTS 1 FREELIST GROUPS 1
  BUFFER_POOL DEFAULT FLASH_CACHE DEFAULT CELL_FLASH_CACHE DEFAULT)
  TABLESPACE "USERS" ;
--------------------------------------------------------
--  DDL for Table AES_USERS
--------------------------------------------------------

  CREATE TABLE "AES_USER"."AES_USERS" 
   (	"USER_ID" NUMBER, 
	"EMAIL" VARCHAR2(255 BYTE), 
	"FIRSTNAME" VARCHAR2(255 BYTE), 
	"LASTNAME" VARCHAR2(255 BYTE), 
	"SALESFORCE" NUMBER, 
	"RECRUITER_ID" NUMBER, 
	"ROLE_ID" NUMBER, 
	"DATE_PASS_ISSUED" DATE
   ) SEGMENT CREATION IMMEDIATE 
  PCTFREE 10 PCTUSED 40 INITRANS 1 MAXTRANS 255 
 NOCOMPRESS LOGGING
  STORAGE(INITIAL 65536 NEXT 1048576 MINEXTENTS 1 MAXEXTENTS 2147483645
  PCTINCREASE 0 FREELISTS 1 FREELIST GROUPS 1
  BUFFER_POOL DEFAULT FLASH_CACHE DEFAULT CELL_FLASH_CACHE DEFAULT)
  TABLESPACE "USERS" ;
--------------------------------------------------------
--  DDL for Table AES_USER_TRAINERS
--------------------------------------------------------

  CREATE TABLE "AES_USER"."AES_USER_TRAINERS" 
   (	"USER_ID" NUMBER, 
	"TRAINER_ID" NUMBER
   ) SEGMENT CREATION IMMEDIATE 
  PCTFREE 10 PCTUSED 40 INITRANS 1 MAXTRANS 255 
 NOCOMPRESS LOGGING
  STORAGE(INITIAL 65536 NEXT 1048576 MINEXTENTS 1 MAXEXTENTS 2147483645
  PCTINCREASE 0 FREELISTS 1 FREELIST GROUPS 1
  BUFFER_POOL DEFAULT FLASH_CACHE DEFAULT CELL_FLASH_CACHE DEFAULT)
  TABLESPACE "USERS" ;
REM INSERTING into AES_USER.AES_ASSESSMENT
SET DEFINE OFF;
Insert into AES_USER.AES_ASSESSMENT (ASSESSMENT_ID,USER_ID,GRADE,TIME_LIMIT,CREATED_TIMESTAMP,FINISHED_TIMESTAMP,TEMPLATE_ID) values (1,5,99,45,to_date('12-DEC-12','DD-MON-RR'),to_date('12-DEC-12','DD-MON-RR'),null);
Insert into AES_USER.AES_ASSESSMENT (ASSESSMENT_ID,USER_ID,GRADE,TIME_LIMIT,CREATED_TIMESTAMP,FINISHED_TIMESTAMP,TEMPLATE_ID) values (2,4,86,45,to_date('12-DEC-12','DD-MON-RR'),to_date('12-DEC-12','DD-MON-RR'),null);
Insert into AES_USER.AES_ASSESSMENT (ASSESSMENT_ID,USER_ID,GRADE,TIME_LIMIT,CREATED_TIMESTAMP,FINISHED_TIMESTAMP,TEMPLATE_ID) values (3,3,67,45,to_date('12-DEC-12','DD-MON-RR'),to_date('12-DEC-12','DD-MON-RR'),null);
REM INSERTING into AES_USER.AES_ASSESSMENT_AUTH
SET DEFINE OFF;
Insert into AES_USER.AES_ASSESSMENT_AUTH (ASSESSMENT_AUTH_ID,USER_ID,URL_AUTH,URL_ASSESSMENT) values (152,552,'http://54.201.37.54:8080/aes','www.google.com');
Insert into AES_USER.AES_ASSESSMENT_AUTH (ASSESSMENT_AUTH_ID,USER_ID,URL_AUTH,URL_ASSESSMENT) values (200,600,'http://54.201.37.54:8080/aes','www.google.com');
Insert into AES_USER.AES_ASSESSMENT_AUTH (ASSESSMENT_AUTH_ID,USER_ID,URL_AUTH,URL_ASSESSMENT) values (150,550,'http://54.201.37.54:8080/aes','www.google.com');
REM INSERTING into AES_USER.AES_ASSESSMENT_DRAG_DROP
SET DEFINE OFF;
REM INSERTING into AES_USER.AES_ASSESSMENT_OPTIONS
SET DEFINE OFF;
REM INSERTING into AES_USER.AES_CATEGORY
SET DEFINE OFF;
Insert into AES_USER.AES_CATEGORY (CATEGORY_ID,CATEGORY_NAME) values (1,'Java');
REM INSERTING into AES_USER.AES_DRAG_DROP
SET DEFINE OFF;
REM INSERTING into AES_USER.AES_FILE_UPLOAD
SET DEFINE OFF;
REM INSERTING into AES_USER.AES_FORMATS
SET DEFINE OFF;
Insert into AES_USER.AES_FORMATS (FORMAT_ID,FORMAT_NAME) values (7,'Code Snippet');
Insert into AES_USER.AES_FORMATS (FORMAT_ID,FORMAT_NAME) values (4,'Drag and Drop');
Insert into AES_USER.AES_FORMATS (FORMAT_ID,FORMAT_NAME) values (5,'Essay');
Insert into AES_USER.AES_FORMATS (FORMAT_ID,FORMAT_NAME) values (2,'Multiple Choice');
Insert into AES_USER.AES_FORMATS (FORMAT_ID,FORMAT_NAME) values (3,'Multiple Select');
Insert into AES_USER.AES_FORMATS (FORMAT_ID,FORMAT_NAME) values (6,'Short Answer');
Insert into AES_USER.AES_FORMATS (FORMAT_ID,FORMAT_NAME) values (1,'True/False');
REM INSERTING into AES_USER.AES_OPTIONS
SET DEFINE OFF;
REM INSERTING into AES_USER.AES_QUESTION
SET DEFINE OFF;
REM INSERTING into AES_USER.AES_QUESTION_CATEGORY
SET DEFINE OFF;
REM INSERTING into AES_USER.AES_QUESTION_TAG
SET DEFINE OFF;
REM INSERTING into AES_USER.AES_ROLES
SET DEFINE OFF;
Insert into AES_USER.AES_ROLES (ROLE_ID,ROLE_TITLE) values (3,'Candidate');
Insert into AES_USER.AES_ROLES (ROLE_ID,ROLE_TITLE) values (2,'Recruiter');
Insert into AES_USER.AES_ROLES (ROLE_ID,ROLE_TITLE) values (1,'System');
Insert into AES_USER.AES_ROLES (ROLE_ID,ROLE_TITLE) values (4,'Trainer');
REM INSERTING into AES_USER.AES_SECURITY
SET DEFINE OFF;
Insert into AES_USER.AES_SECURITY (USER_ID,PASS_WORD,VALID) values (552,'$2a$12$Jfrx2LeUxlch.Szphimjw.8N.HQQAuLgV8XDEQdh7iliHTQhFVVqW',1);
Insert into AES_USER.AES_SECURITY (USER_ID,PASS_WORD,VALID) values (600,'$2a$12$8hj4FTfcXkpxuXFn/1k1OO1dVqAEaWg0rae8P.RwyfJoMSo0Oj6ni',1);
Insert into AES_USER.AES_SECURITY (USER_ID,PASS_WORD,VALID) values (300,'$2a$12$LjaNIK3ZP9KQtleghqHD5.vcqoewLVToF.61fG7Pbj5D0yGV/u.LS',1);
Insert into AES_USER.AES_SECURITY (USER_ID,PASS_WORD,VALID) values (400,'$2a$12$0kJw3GajBTGDHKvOkloUqOFqMQKB7SMSiFrjio9AjL/qR6JMLS8le',1);
Insert into AES_USER.AES_SECURITY (USER_ID,PASS_WORD,VALID) values (550,'$2a$12$o4MYkTOLDmpswMVOtileeuCVHuifSfljmB1mw1MrdxuDUgmAfBbZy',1);
Insert into AES_USER.AES_SECURITY (USER_ID,PASS_WORD,VALID) values (501,'$2a$12$RxvF9ZmqK38XMdHSaDjIGuUF8XOGbZWHsbkAjW1WNS1K64uqEEDK2',1);
REM INSERTING into AES_USER.AES_SNIPPET_RESPONSE
SET DEFINE OFF;
REM INSERTING into AES_USER.AES_SNIPPET_TEMPLATE
SET DEFINE OFF;
REM INSERTING into AES_USER.AES_TAGS
SET DEFINE OFF;
REM INSERTING into AES_USER.AES_TEMPLATES
SET DEFINE OFF;
REM INSERTING into AES_USER.AES_TEMPLATE_QUESTION
SET DEFINE OFF;
REM INSERTING into AES_USER.AES_USERS
SET DEFINE OFF;
Insert into AES_USER.AES_USERS (USER_ID,EMAIL,FIRSTNAME,LASTNAME,SALESFORCE,RECRUITER_ID,ROLE_ID,DATE_PASS_ISSUED) values (552,'parallelpandemonium@gmail.com','New','Girl',null,400,3,to_date('08-JAN-17','DD-MON-RR'));
Insert into AES_USER.AES_USERS (USER_ID,EMAIL,FIRSTNAME,LASTNAME,SALESFORCE,RECRUITER_ID,ROLE_ID,DATE_PASS_ISSUED) values (1,'system@revature.com','System','System',null,null,1,to_date('09-JUL-03','DD-MON-RR'));
Insert into AES_USER.AES_USERS (USER_ID,EMAIL,FIRSTNAME,LASTNAME,SALESFORCE,RECRUITER_ID,ROLE_ID,DATE_PASS_ISSUED) values (2,'aes.recruiter@gmail.com','David','Recruiter-Man',null,null,2,to_date('12-DEC-12','DD-MON-RR'));
Insert into AES_USER.AES_USERS (USER_ID,EMAIL,FIRSTNAME,LASTNAME,SALESFORCE,RECRUITER_ID,ROLE_ID,DATE_PASS_ISSUED) values (3,'willie.c.jensen@gmail.com','Willie','Jensen',null,2,3,to_date('05-JAN-17','DD-MON-RR'));
Insert into AES_USER.AES_USERS (USER_ID,EMAIL,FIRSTNAME,LASTNAME,SALESFORCE,RECRUITER_ID,ROLE_ID,DATE_PASS_ISSUED) values (4,'MattP@gmail.com','Matt','Pski',null,2,3,to_date('05-JAN-17','DD-MON-RR'));
Insert into AES_USER.AES_USERS (USER_ID,EMAIL,FIRSTNAME,LASTNAME,SALESFORCE,RECRUITER_ID,ROLE_ID,DATE_PASS_ISSUED) values (5,'ChelleS@gmail.com','Chelle','Slay',null,2,3,to_date('05-JAN-17','DD-MON-RR'));
Insert into AES_USER.AES_USERS (USER_ID,EMAIL,FIRSTNAME,LASTNAME,SALESFORCE,RECRUITER_ID,ROLE_ID,DATE_PASS_ISSUED) values (600,'rlayneorr@gmail.com','LastName','FirstName',null,300,3,to_date('08-JAN-17','DD-MON-RR'));
Insert into AES_USER.AES_USERS (USER_ID,EMAIL,FIRSTNAME,LASTNAME,SALESFORCE,RECRUITER_ID,ROLE_ID,DATE_PASS_ISSUED) values (300,'willie@revature.com','John','Recruiter',null,null,2,to_date('08-JAN-17','DD-MON-RR'));
Insert into AES_USER.AES_USERS (USER_ID,EMAIL,FIRSTNAME,LASTNAME,SALESFORCE,RECRUITER_ID,ROLE_ID,DATE_PASS_ISSUED) values (400,'lofaf@sburb.net','John','Recruiter',null,null,2,to_date('08-JAN-17','DD-MON-RR'));
Insert into AES_USER.AES_USERS (USER_ID,EMAIL,FIRSTNAME,LASTNAME,SALESFORCE,RECRUITER_ID,ROLE_ID,DATE_PASS_ISSUED) values (550,'aes.candidate@gmail.com','New','Guy',null,400,3,to_date('08-JAN-17','DD-MON-RR'));
Insert into AES_USER.AES_USERS (USER_ID,EMAIL,FIRSTNAME,LASTNAME,SALESFORCE,RECRUITER_ID,ROLE_ID,DATE_PASS_ISSUED) values (501,'ah@mspa.com','John','Trainer',null,null,4,to_date('08-JAN-17','DD-MON-RR'));
REM INSERTING into AES_USER.AES_USER_TRAINERS
SET DEFINE OFF;
--------------------------------------------------------
--  DDL for Index PK_AES_ASSESSMENT
--------------------------------------------------------

  CREATE UNIQUE INDEX "AES_USER"."PK_AES_ASSESSMENT" ON "AES_USER"."AES_ASSESSMENT" ("ASSESSMENT_ID") 
  PCTFREE 10 INITRANS 2 MAXTRANS 255 COMPUTE STATISTICS 
  STORAGE(INITIAL 65536 NEXT 1048576 MINEXTENTS 1 MAXEXTENTS 2147483645
  PCTINCREASE 0 FREELISTS 1 FREELIST GROUPS 1
  BUFFER_POOL DEFAULT FLASH_CACHE DEFAULT CELL_FLASH_CACHE DEFAULT)
  TABLESPACE "USERS" ;
--------------------------------------------------------
--  DDL for Index PK_AES_ASSESSMENT_DRAG_DROP
--------------------------------------------------------

  CREATE UNIQUE INDEX "AES_USER"."PK_AES_ASSESSMENT_DRAG_DROP" ON "AES_USER"."AES_ASSESSMENT_DRAG_DROP" ("ASSESSMENT_DRAG_DROP_ID") 
  PCTFREE 10 INITRANS 2 MAXTRANS 255 COMPUTE STATISTICS 
  STORAGE(INITIAL 65536 NEXT 1048576 MINEXTENTS 1 MAXEXTENTS 2147483645
  PCTINCREASE 0 FREELISTS 1 FREELIST GROUPS 1
  BUFFER_POOL DEFAULT FLASH_CACHE DEFAULT CELL_FLASH_CACHE DEFAULT)
  TABLESPACE "USERS" ;
--------------------------------------------------------
--  DDL for Index PK_AES_CATEGORY
--------------------------------------------------------

  CREATE UNIQUE INDEX "AES_USER"."PK_AES_CATEGORY" ON "AES_USER"."AES_CATEGORY" ("CATEGORY_ID") 
  PCTFREE 10 INITRANS 2 MAXTRANS 255 COMPUTE STATISTICS 
  STORAGE(INITIAL 65536 NEXT 1048576 MINEXTENTS 1 MAXEXTENTS 2147483645
  PCTINCREASE 0 FREELISTS 1 FREELIST GROUPS 1
  BUFFER_POOL DEFAULT FLASH_CACHE DEFAULT CELL_FLASH_CACHE DEFAULT)
  TABLESPACE "USERS" ;
--------------------------------------------------------
--  DDL for Index PK_AES_DRAG_DROP
--------------------------------------------------------

  CREATE UNIQUE INDEX "AES_USER"."PK_AES_DRAG_DROP" ON "AES_USER"."AES_DRAG_DROP" ("DRAG_DROP_ID") 
  PCTFREE 10 INITRANS 2 MAXTRANS 255 COMPUTE STATISTICS 
  STORAGE(INITIAL 65536 NEXT 1048576 MINEXTENTS 1 MAXEXTENTS 2147483645
  PCTINCREASE 0 FREELISTS 1 FREELIST GROUPS 1
  BUFFER_POOL DEFAULT FLASH_CACHE DEFAULT CELL_FLASH_CACHE DEFAULT)
  TABLESPACE "USERS" ;
--------------------------------------------------------
--  DDL for Index PK_AES_FILE_UPLOAD
--------------------------------------------------------

  CREATE UNIQUE INDEX "AES_USER"."PK_AES_FILE_UPLOAD" ON "AES_USER"."AES_FILE_UPLOAD" ("FILE_ID") 
  PCTFREE 10 INITRANS 2 MAXTRANS 255 COMPUTE STATISTICS 
  STORAGE(INITIAL 65536 NEXT 1048576 MINEXTENTS 1 MAXEXTENTS 2147483645
  PCTINCREASE 0 FREELISTS 1 FREELIST GROUPS 1
  BUFFER_POOL DEFAULT FLASH_CACHE DEFAULT CELL_FLASH_CACHE DEFAULT)
  TABLESPACE "USERS" ;
--------------------------------------------------------
--  DDL for Index PK_AES_FORMAT
--------------------------------------------------------

  CREATE UNIQUE INDEX "AES_USER"."PK_AES_FORMAT" ON "AES_USER"."AES_FORMATS" ("FORMAT_ID") 
  PCTFREE 10 INITRANS 2 MAXTRANS 255 COMPUTE STATISTICS 
  STORAGE(INITIAL 65536 NEXT 1048576 MINEXTENTS 1 MAXEXTENTS 2147483645
  PCTINCREASE 0 FREELISTS 1 FREELIST GROUPS 1
  BUFFER_POOL DEFAULT FLASH_CACHE DEFAULT CELL_FLASH_CACHE DEFAULT)
  TABLESPACE "USERS" ;
--------------------------------------------------------
--  DDL for Index PK_AES_OPTION
--------------------------------------------------------

  CREATE UNIQUE INDEX "AES_USER"."PK_AES_OPTION" ON "AES_USER"."AES_OPTIONS" ("OPTION_ID") 
  PCTFREE 10 INITRANS 2 MAXTRANS 255 COMPUTE STATISTICS 
  STORAGE(INITIAL 65536 NEXT 1048576 MINEXTENTS 1 MAXEXTENTS 2147483645
  PCTINCREASE 0 FREELISTS 1 FREELIST GROUPS 1
  BUFFER_POOL DEFAULT FLASH_CACHE DEFAULT CELL_FLASH_CACHE DEFAULT)
  TABLESPACE "USERS" ;
--------------------------------------------------------
--  DDL for Index PK_AES_QUESTION
--------------------------------------------------------

  CREATE UNIQUE INDEX "AES_USER"."PK_AES_QUESTION" ON "AES_USER"."AES_QUESTION" ("QUESTION_ID") 
  PCTFREE 10 INITRANS 2 MAXTRANS 255 COMPUTE STATISTICS 
  STORAGE(INITIAL 65536 NEXT 1048576 MINEXTENTS 1 MAXEXTENTS 2147483645
  PCTINCREASE 0 FREELISTS 1 FREELIST GROUPS 1
  BUFFER_POOL DEFAULT FLASH_CACHE DEFAULT CELL_FLASH_CACHE DEFAULT)
  TABLESPACE "USERS" ;
--------------------------------------------------------
--  DDL for Index PK_AES_ROLES
--------------------------------------------------------

  CREATE UNIQUE INDEX "AES_USER"."PK_AES_ROLES" ON "AES_USER"."AES_ROLES" ("ROLE_ID") 
  PCTFREE 10 INITRANS 2 MAXTRANS 255 COMPUTE STATISTICS 
  STORAGE(INITIAL 65536 NEXT 1048576 MINEXTENTS 1 MAXEXTENTS 2147483645
  PCTINCREASE 0 FREELISTS 1 FREELIST GROUPS 1
  BUFFER_POOL DEFAULT FLASH_CACHE DEFAULT CELL_FLASH_CACHE DEFAULT)
  TABLESPACE "USERS" ;
--------------------------------------------------------
--  DDL for Index PK_AES_SECURITY
--------------------------------------------------------

  CREATE UNIQUE INDEX "AES_USER"."PK_AES_SECURITY" ON "AES_USER"."AES_SECURITY" ("USER_ID") 
  PCTFREE 10 INITRANS 2 MAXTRANS 255 COMPUTE STATISTICS 
  STORAGE(INITIAL 65536 NEXT 1048576 MINEXTENTS 1 MAXEXTENTS 2147483645
  PCTINCREASE 0 FREELISTS 1 FREELIST GROUPS 1
  BUFFER_POOL DEFAULT FLASH_CACHE DEFAULT CELL_FLASH_CACHE DEFAULT)
  TABLESPACE "USERS" ;
--------------------------------------------------------
--  DDL for Index PK_AES_SNIPPET_TEMPLATE
--------------------------------------------------------

  CREATE UNIQUE INDEX "AES_USER"."PK_AES_SNIPPET_TEMPLATE" ON "AES_USER"."AES_SNIPPET_TEMPLATE" ("SNIPPET_TEMPLATE_ID") 
  PCTFREE 10 INITRANS 2 MAXTRANS 255 COMPUTE STATISTICS 
  STORAGE(INITIAL 65536 NEXT 1048576 MINEXTENTS 1 MAXEXTENTS 2147483645
  PCTINCREASE 0 FREELISTS 1 FREELIST GROUPS 1
  BUFFER_POOL DEFAULT FLASH_CACHE DEFAULT CELL_FLASH_CACHE DEFAULT)
  TABLESPACE "USERS" ;
--------------------------------------------------------
--  DDL for Index PK_AES_TAG
--------------------------------------------------------

  CREATE UNIQUE INDEX "AES_USER"."PK_AES_TAG" ON "AES_USER"."AES_TAGS" ("TAG_ID") 
  PCTFREE 10 INITRANS 2 MAXTRANS 255 COMPUTE STATISTICS 
  STORAGE(INITIAL 65536 NEXT 1048576 MINEXTENTS 1 MAXEXTENTS 2147483645
  PCTINCREASE 0 FREELISTS 1 FREELIST GROUPS 1
  BUFFER_POOL DEFAULT FLASH_CACHE DEFAULT CELL_FLASH_CACHE DEFAULT)
  TABLESPACE "USERS" ;
--------------------------------------------------------
--  DDL for Index PK_AES_TEMPLATES
--------------------------------------------------------

  CREATE UNIQUE INDEX "AES_USER"."PK_AES_TEMPLATES" ON "AES_USER"."AES_TEMPLATES" ("TEMPLATE_ID") 
  PCTFREE 10 INITRANS 2 MAXTRANS 255 COMPUTE STATISTICS 
  STORAGE(INITIAL 65536 NEXT 1048576 MINEXTENTS 1 MAXEXTENTS 2147483645
  PCTINCREASE 0 FREELISTS 1 FREELIST GROUPS 1
  BUFFER_POOL DEFAULT FLASH_CACHE DEFAULT CELL_FLASH_CACHE DEFAULT)
  TABLESPACE "USERS" ;
--------------------------------------------------------
--  DDL for Index PK_AES_TEMPLATE_QUESTION
--------------------------------------------------------

  CREATE UNIQUE INDEX "AES_USER"."PK_AES_TEMPLATE_QUESTION" ON "AES_USER"."AES_TEMPLATE_QUESTION" ("TEMPLATE_QUESTION_ID") 
  PCTFREE 10 INITRANS 2 MAXTRANS 255 COMPUTE STATISTICS 
  STORAGE(INITIAL 65536 NEXT 1048576 MINEXTENTS 1 MAXEXTENTS 2147483645
  PCTINCREASE 0 FREELISTS 1 FREELIST GROUPS 1
  BUFFER_POOL DEFAULT FLASH_CACHE DEFAULT CELL_FLASH_CACHE DEFAULT)
  TABLESPACE "USERS" ;
--------------------------------------------------------
--  DDL for Index PK_AES_USERS
--------------------------------------------------------

  CREATE UNIQUE INDEX "AES_USER"."PK_AES_USERS" ON "AES_USER"."AES_USERS" ("USER_ID") 
  PCTFREE 10 INITRANS 2 MAXTRANS 255 COMPUTE STATISTICS 
  STORAGE(INITIAL 65536 NEXT 1048576 MINEXTENTS 1 MAXEXTENTS 2147483645
  PCTINCREASE 0 FREELISTS 1 FREELIST GROUPS 1
  BUFFER_POOL DEFAULT FLASH_CACHE DEFAULT CELL_FLASH_CACHE DEFAULT)
  TABLESPACE "USERS" ;
--------------------------------------------------------
--  DDL for Index PK_ASSESSMENT_AUTH
--------------------------------------------------------

  CREATE UNIQUE INDEX "AES_USER"."PK_ASSESSMENT_AUTH" ON "AES_USER"."AES_ASSESSMENT_AUTH" ("ASSESSMENT_AUTH_ID") 
  PCTFREE 10 INITRANS 2 MAXTRANS 255 COMPUTE STATISTICS 
  STORAGE(INITIAL 65536 NEXT 1048576 MINEXTENTS 1 MAXEXTENTS 2147483645
  PCTINCREASE 0 FREELISTS 1 FREELIST GROUPS 1
  BUFFER_POOL DEFAULT FLASH_CACHE DEFAULT CELL_FLASH_CACHE DEFAULT)
  TABLESPACE "USERS" ;
--------------------------------------------------------
--  DDL for Index SYS_C005451
--------------------------------------------------------

  CREATE UNIQUE INDEX "AES_USER"."SYS_C005451" ON "AES_USER"."AES_FORMATS" ("FORMAT_NAME") 
  PCTFREE 10 INITRANS 2 MAXTRANS 255 COMPUTE STATISTICS 
  STORAGE(INITIAL 65536 NEXT 1048576 MINEXTENTS 1 MAXEXTENTS 2147483645
  PCTINCREASE 0 FREELISTS 1 FREELIST GROUPS 1
  BUFFER_POOL DEFAULT FLASH_CACHE DEFAULT CELL_FLASH_CACHE DEFAULT)
  TABLESPACE "USERS" ;
--------------------------------------------------------
--  DDL for Index SYS_C005454
--------------------------------------------------------

  CREATE UNIQUE INDEX "AES_USER"."SYS_C005454" ON "AES_USER"."AES_TAGS" ("TAG_NAME") 
  PCTFREE 10 INITRANS 2 MAXTRANS 255 COMPUTE STATISTICS 
  STORAGE(INITIAL 65536 NEXT 1048576 MINEXTENTS 1 MAXEXTENTS 2147483645
  PCTINCREASE 0 FREELISTS 1 FREELIST GROUPS 1
  BUFFER_POOL DEFAULT FLASH_CACHE DEFAULT CELL_FLASH_CACHE DEFAULT)
  TABLESPACE "USERS" ;
--------------------------------------------------------
--  DDL for Index SYS_C005457
--------------------------------------------------------

  CREATE UNIQUE INDEX "AES_USER"."SYS_C005457" ON "AES_USER"."AES_CATEGORY" ("CATEGORY_NAME") 
  PCTFREE 10 INITRANS 2 MAXTRANS 255 COMPUTE STATISTICS 
  STORAGE(INITIAL 65536 NEXT 1048576 MINEXTENTS 1 MAXEXTENTS 2147483645
  PCTINCREASE 0 FREELISTS 1 FREELIST GROUPS 1
  BUFFER_POOL DEFAULT FLASH_CACHE DEFAULT CELL_FLASH_CACHE DEFAULT)
  TABLESPACE "USERS" ;
--------------------------------------------------------
--  DDL for Index SYS_C005473
--------------------------------------------------------

  CREATE UNIQUE INDEX "AES_USER"."SYS_C005473" ON "AES_USER"."AES_USERS" ("EMAIL") 
  PCTFREE 10 INITRANS 2 MAXTRANS 255 COMPUTE STATISTICS 
  STORAGE(INITIAL 65536 NEXT 1048576 MINEXTENTS 1 MAXEXTENTS 2147483645
  PCTINCREASE 0 FREELISTS 1 FREELIST GROUPS 1
  BUFFER_POOL DEFAULT FLASH_CACHE DEFAULT CELL_FLASH_CACHE DEFAULT)
  TABLESPACE "USERS" ;
--------------------------------------------------------
--  DDL for Index SYS_C005478
--------------------------------------------------------

  CREATE UNIQUE INDEX "AES_USER"."SYS_C005478" ON "AES_USER"."AES_ROLES" ("ROLE_TITLE") 
  PCTFREE 10 INITRANS 2 MAXTRANS 255 COMPUTE STATISTICS 
  STORAGE(INITIAL 65536 NEXT 1048576 MINEXTENTS 1 MAXEXTENTS 2147483645
  PCTINCREASE 0 FREELISTS 1 FREELIST GROUPS 1
  BUFFER_POOL DEFAULT FLASH_CACHE DEFAULT CELL_FLASH_CACHE DEFAULT)
  TABLESPACE "USERS" ;
--------------------------------------------------------
--  DDL for Index SYS_C005483
--------------------------------------------------------

  CREATE UNIQUE INDEX "AES_USER"."SYS_C005483" ON "AES_USER"."AES_FILE_UPLOAD" ("FILE_URL") 
  PCTFREE 10 INITRANS 2 MAXTRANS 255 COMPUTE STATISTICS 
  STORAGE(INITIAL 65536 NEXT 1048576 MINEXTENTS 1 MAXEXTENTS 2147483645
  PCTINCREASE 0 FREELISTS 1 FREELIST GROUPS 1
  BUFFER_POOL DEFAULT FLASH_CACHE DEFAULT CELL_FLASH_CACHE DEFAULT)
  TABLESPACE "USERS" ;
--------------------------------------------------------
--  DDL for Index UN_A_DD
--------------------------------------------------------

  CREATE UNIQUE INDEX "AES_USER"."UN_A_DD" ON "AES_USER"."AES_ASSESSMENT_DRAG_DROP" ("ASSESSMENT_ID", "DRAG_DROP_ID") 
  PCTFREE 10 INITRANS 2 MAXTRANS 255 COMPUTE STATISTICS 
  STORAGE(INITIAL 65536 NEXT 1048576 MINEXTENTS 1 MAXEXTENTS 2147483645
  PCTINCREASE 0 FREELISTS 1 FREELIST GROUPS 1
  BUFFER_POOL DEFAULT FLASH_CACHE DEFAULT CELL_FLASH_CACHE DEFAULT)
  TABLESPACE "USERS" ;
--------------------------------------------------------
--  DDL for Index UN_A_O
--------------------------------------------------------

  CREATE UNIQUE INDEX "AES_USER"."UN_A_O" ON "AES_USER"."AES_ASSESSMENT_OPTIONS" ("ASSESSMENT_ID", "OPTION_ID") 
  PCTFREE 10 INITRANS 2 MAXTRANS 255 COMPUTE STATISTICS 
  STORAGE(INITIAL 65536 NEXT 1048576 MINEXTENTS 1 MAXEXTENTS 2147483645
  PCTINCREASE 0 FREELISTS 1 FREELIST GROUPS 1
  BUFFER_POOL DEFAULT FLASH_CACHE DEFAULT CELL_FLASH_CACHE DEFAULT)
  TABLESPACE "USERS" ;
--------------------------------------------------------
--  DDL for Index UN_Q_T
--------------------------------------------------------

  CREATE UNIQUE INDEX "AES_USER"."UN_Q_T" ON "AES_USER"."AES_QUESTION_TAG" ("QUESTION_ID", "TAG_ID") 
  PCTFREE 10 INITRANS 2 MAXTRANS 255 COMPUTE STATISTICS 
  STORAGE(INITIAL 65536 NEXT 1048576 MINEXTENTS 1 MAXEXTENTS 2147483645
  PCTINCREASE 0 FREELISTS 1 FREELIST GROUPS 1
  BUFFER_POOL DEFAULT FLASH_CACHE DEFAULT CELL_FLASH_CACHE DEFAULT)
  TABLESPACE "USERS" ;
--------------------------------------------------------
--  DDL for Index UN_ST_A
--------------------------------------------------------

  CREATE UNIQUE INDEX "AES_USER"."UN_ST_A" ON "AES_USER"."AES_SNIPPET_RESPONSE" ("SNIPPET_TEMPLATE_ID", "ASSESSMENT_ID") 
  PCTFREE 10 INITRANS 2 MAXTRANS 255 COMPUTE STATISTICS 
  STORAGE(INITIAL 65536 NEXT 1048576 MINEXTENTS 1 MAXEXTENTS 2147483645
  PCTINCREASE 0 FREELISTS 1 FREELIST GROUPS 1
  BUFFER_POOL DEFAULT FLASH_CACHE DEFAULT CELL_FLASH_CACHE DEFAULT)
  TABLESPACE "USERS" ;
--------------------------------------------------------
--  DDL for Index UN_T_Q
--------------------------------------------------------

  CREATE UNIQUE INDEX "AES_USER"."UN_T_Q" ON "AES_USER"."AES_TEMPLATE_QUESTION" ("TEMPLATE_ID", "QUESTION_ID") 
  PCTFREE 10 INITRANS 2 MAXTRANS 255 COMPUTE STATISTICS 
  STORAGE(INITIAL 65536 NEXT 1048576 MINEXTENTS 1 MAXEXTENTS 2147483645
  PCTINCREASE 0 FREELISTS 1 FREELIST GROUPS 1
  BUFFER_POOL DEFAULT FLASH_CACHE DEFAULT CELL_FLASH_CACHE DEFAULT)
  TABLESPACE "USERS" ;
--------------------------------------------------------
--  DDL for Index UN_U_T
--------------------------------------------------------

  CREATE UNIQUE INDEX "AES_USER"."UN_U_T" ON "AES_USER"."AES_USER_TRAINERS" ("USER_ID", "TRAINER_ID") 
  PCTFREE 10 INITRANS 2 MAXTRANS 255 COMPUTE STATISTICS 
  STORAGE(INITIAL 65536 NEXT 1048576 MINEXTENTS 1 MAXEXTENTS 2147483645
  PCTINCREASE 0 FREELISTS 1 FREELIST GROUPS 1
  BUFFER_POOL DEFAULT FLASH_CACHE DEFAULT CELL_FLASH_CACHE DEFAULT)
  TABLESPACE "USERS" ;
--------------------------------------------------------
--  Constraints for Table AES_ASSESSMENT
--------------------------------------------------------

  ALTER TABLE "AES_USER"."AES_ASSESSMENT" ADD CONSTRAINT "PK_AES_ASSESSMENT" PRIMARY KEY ("ASSESSMENT_ID")
  USING INDEX PCTFREE 10 INITRANS 2 MAXTRANS 255 COMPUTE STATISTICS 
  STORAGE(INITIAL 65536 NEXT 1048576 MINEXTENTS 1 MAXEXTENTS 2147483645
  PCTINCREASE 0 FREELISTS 1 FREELIST GROUPS 1
  BUFFER_POOL DEFAULT FLASH_CACHE DEFAULT CELL_FLASH_CACHE DEFAULT)
  TABLESPACE "USERS"  ENABLE;
  ALTER TABLE "AES_USER"."AES_ASSESSMENT" MODIFY ("TIME_LIMIT" NOT NULL ENABLE);
  ALTER TABLE "AES_USER"."AES_ASSESSMENT" MODIFY ("USER_ID" NOT NULL ENABLE);
--------------------------------------------------------
--  Constraints for Table AES_ASSESSMENT_AUTH
--------------------------------------------------------

  ALTER TABLE "AES_USER"."AES_ASSESSMENT_AUTH" ADD CONSTRAINT "PK_ASSESSMENT_AUTH" PRIMARY KEY ("ASSESSMENT_AUTH_ID")
  USING INDEX PCTFREE 10 INITRANS 2 MAXTRANS 255 COMPUTE STATISTICS 
  STORAGE(INITIAL 65536 NEXT 1048576 MINEXTENTS 1 MAXEXTENTS 2147483645
  PCTINCREASE 0 FREELISTS 1 FREELIST GROUPS 1
  BUFFER_POOL DEFAULT FLASH_CACHE DEFAULT CELL_FLASH_CACHE DEFAULT)
  TABLESPACE "USERS"  ENABLE;
  ALTER TABLE "AES_USER"."AES_ASSESSMENT_AUTH" MODIFY ("URL_ASSESSMENT" NOT NULL ENABLE);
  ALTER TABLE "AES_USER"."AES_ASSESSMENT_AUTH" MODIFY ("URL_AUTH" NOT NULL ENABLE);
  ALTER TABLE "AES_USER"."AES_ASSESSMENT_AUTH" MODIFY ("USER_ID" NOT NULL ENABLE);
--------------------------------------------------------
--  Constraints for Table AES_ASSESSMENT_DRAG_DROP
--------------------------------------------------------

  ALTER TABLE "AES_USER"."AES_ASSESSMENT_DRAG_DROP" ADD CONSTRAINT "UN_A_DD" UNIQUE ("ASSESSMENT_ID", "DRAG_DROP_ID")
  USING INDEX PCTFREE 10 INITRANS 2 MAXTRANS 255 COMPUTE STATISTICS 
  STORAGE(INITIAL 65536 NEXT 1048576 MINEXTENTS 1 MAXEXTENTS 2147483645
  PCTINCREASE 0 FREELISTS 1 FREELIST GROUPS 1
  BUFFER_POOL DEFAULT FLASH_CACHE DEFAULT CELL_FLASH_CACHE DEFAULT)
  TABLESPACE "USERS"  ENABLE;
  ALTER TABLE "AES_USER"."AES_ASSESSMENT_DRAG_DROP" ADD CONSTRAINT "PK_AES_ASSESSMENT_DRAG_DROP" PRIMARY KEY ("ASSESSMENT_DRAG_DROP_ID")
  USING INDEX PCTFREE 10 INITRANS 2 MAXTRANS 255 COMPUTE STATISTICS 
  STORAGE(INITIAL 65536 NEXT 1048576 MINEXTENTS 1 MAXEXTENTS 2147483645
  PCTINCREASE 0 FREELISTS 1 FREELIST GROUPS 1
  BUFFER_POOL DEFAULT FLASH_CACHE DEFAULT CELL_FLASH_CACHE DEFAULT)
  TABLESPACE "USERS"  ENABLE;
  ALTER TABLE "AES_USER"."AES_ASSESSMENT_DRAG_DROP" MODIFY ("DRAG_DROP_ID" NOT NULL ENABLE);
  ALTER TABLE "AES_USER"."AES_ASSESSMENT_DRAG_DROP" MODIFY ("ASSESSMENT_ID" NOT NULL ENABLE);
--------------------------------------------------------
--  Constraints for Table AES_ASSESSMENT_OPTIONS
--------------------------------------------------------

  ALTER TABLE "AES_USER"."AES_ASSESSMENT_OPTIONS" ADD CONSTRAINT "UN_A_O" UNIQUE ("ASSESSMENT_ID", "OPTION_ID")
  USING INDEX PCTFREE 10 INITRANS 2 MAXTRANS 255 COMPUTE STATISTICS 
  STORAGE(INITIAL 65536 NEXT 1048576 MINEXTENTS 1 MAXEXTENTS 2147483645
  PCTINCREASE 0 FREELISTS 1 FREELIST GROUPS 1
  BUFFER_POOL DEFAULT FLASH_CACHE DEFAULT CELL_FLASH_CACHE DEFAULT)
  TABLESPACE "USERS"  ENABLE;
  ALTER TABLE "AES_USER"."AES_ASSESSMENT_OPTIONS" MODIFY ("OPTION_ID" NOT NULL ENABLE);
  ALTER TABLE "AES_USER"."AES_ASSESSMENT_OPTIONS" MODIFY ("ASSESSMENT_ID" NOT NULL ENABLE);
--------------------------------------------------------
--  Constraints for Table AES_CATEGORY
--------------------------------------------------------

  ALTER TABLE "AES_USER"."AES_CATEGORY" ADD UNIQUE ("CATEGORY_NAME")
  USING INDEX PCTFREE 10 INITRANS 2 MAXTRANS 255 COMPUTE STATISTICS 
  STORAGE(INITIAL 65536 NEXT 1048576 MINEXTENTS 1 MAXEXTENTS 2147483645
  PCTINCREASE 0 FREELISTS 1 FREELIST GROUPS 1
  BUFFER_POOL DEFAULT FLASH_CACHE DEFAULT CELL_FLASH_CACHE DEFAULT)
  TABLESPACE "USERS"  ENABLE;
  ALTER TABLE "AES_USER"."AES_CATEGORY" ADD CONSTRAINT "PK_AES_CATEGORY" PRIMARY KEY ("CATEGORY_ID")
  USING INDEX PCTFREE 10 INITRANS 2 MAXTRANS 255 COMPUTE STATISTICS 
  STORAGE(INITIAL 65536 NEXT 1048576 MINEXTENTS 1 MAXEXTENTS 2147483645
  PCTINCREASE 0 FREELISTS 1 FREELIST GROUPS 1
  BUFFER_POOL DEFAULT FLASH_CACHE DEFAULT CELL_FLASH_CACHE DEFAULT)
  TABLESPACE "USERS"  ENABLE;
  ALTER TABLE "AES_USER"."AES_CATEGORY" MODIFY ("CATEGORY_NAME" NOT NULL ENABLE);
--------------------------------------------------------
--  Constraints for Table AES_DRAG_DROP
--------------------------------------------------------

  ALTER TABLE "AES_USER"."AES_DRAG_DROP" ADD CONSTRAINT "PK_AES_DRAG_DROP" PRIMARY KEY ("DRAG_DROP_ID")
  USING INDEX PCTFREE 10 INITRANS 2 MAXTRANS 255 COMPUTE STATISTICS 
  STORAGE(INITIAL 65536 NEXT 1048576 MINEXTENTS 1 MAXEXTENTS 2147483645
  PCTINCREASE 0 FREELISTS 1 FREELIST GROUPS 1
  BUFFER_POOL DEFAULT FLASH_CACHE DEFAULT CELL_FLASH_CACHE DEFAULT)
  TABLESPACE "USERS"  ENABLE;
  ALTER TABLE "AES_USER"."AES_DRAG_DROP" MODIFY ("CORRECT_ORDER" NOT NULL ENABLE);
  ALTER TABLE "AES_USER"."AES_DRAG_DROP" MODIFY ("DRAG_DROP_TEXT" NOT NULL ENABLE);
  ALTER TABLE "AES_USER"."AES_DRAG_DROP" MODIFY ("QUESTION_ID" NOT NULL ENABLE);
  ALTER TABLE "AES_USER"."AES_DRAG_DROP" MODIFY ("DRAG_DROP_ID" NOT NULL ENABLE);
--------------------------------------------------------
--  Constraints for Table AES_FILE_UPLOAD
--------------------------------------------------------

  ALTER TABLE "AES_USER"."AES_FILE_UPLOAD" ADD UNIQUE ("FILE_URL")
  USING INDEX PCTFREE 10 INITRANS 2 MAXTRANS 255 COMPUTE STATISTICS 
  STORAGE(INITIAL 65536 NEXT 1048576 MINEXTENTS 1 MAXEXTENTS 2147483645
  PCTINCREASE 0 FREELISTS 1 FREELIST GROUPS 1
  BUFFER_POOL DEFAULT FLASH_CACHE DEFAULT CELL_FLASH_CACHE DEFAULT)
  TABLESPACE "USERS"  ENABLE;
  ALTER TABLE "AES_USER"."AES_FILE_UPLOAD" ADD CONSTRAINT "PK_AES_FILE_UPLOAD" PRIMARY KEY ("FILE_ID")
  USING INDEX PCTFREE 10 INITRANS 2 MAXTRANS 255 COMPUTE STATISTICS 
  STORAGE(INITIAL 65536 NEXT 1048576 MINEXTENTS 1 MAXEXTENTS 2147483645
  PCTINCREASE 0 FREELISTS 1 FREELIST GROUPS 1
  BUFFER_POOL DEFAULT FLASH_CACHE DEFAULT CELL_FLASH_CACHE DEFAULT)
  TABLESPACE "USERS"  ENABLE;
  ALTER TABLE "AES_USER"."AES_FILE_UPLOAD" MODIFY ("ASSESSMENT_ID" NOT NULL ENABLE);
  ALTER TABLE "AES_USER"."AES_FILE_UPLOAD" MODIFY ("QUESTION_ID" NOT NULL ENABLE);
  ALTER TABLE "AES_USER"."AES_FILE_UPLOAD" MODIFY ("FILE_URL" NOT NULL ENABLE);
--------------------------------------------------------
--  Constraints for Table AES_FORMATS
--------------------------------------------------------

  ALTER TABLE "AES_USER"."AES_FORMATS" ADD UNIQUE ("FORMAT_NAME")
  USING INDEX PCTFREE 10 INITRANS 2 MAXTRANS 255 COMPUTE STATISTICS 
  STORAGE(INITIAL 65536 NEXT 1048576 MINEXTENTS 1 MAXEXTENTS 2147483645
  PCTINCREASE 0 FREELISTS 1 FREELIST GROUPS 1
  BUFFER_POOL DEFAULT FLASH_CACHE DEFAULT CELL_FLASH_CACHE DEFAULT)
  TABLESPACE "USERS"  ENABLE;
  ALTER TABLE "AES_USER"."AES_FORMATS" ADD CONSTRAINT "PK_AES_FORMAT" PRIMARY KEY ("FORMAT_ID")
  USING INDEX PCTFREE 10 INITRANS 2 MAXTRANS 255 COMPUTE STATISTICS 
  STORAGE(INITIAL 65536 NEXT 1048576 MINEXTENTS 1 MAXEXTENTS 2147483645
  PCTINCREASE 0 FREELISTS 1 FREELIST GROUPS 1
  BUFFER_POOL DEFAULT FLASH_CACHE DEFAULT CELL_FLASH_CACHE DEFAULT)
  TABLESPACE "USERS"  ENABLE;
  ALTER TABLE "AES_USER"."AES_FORMATS" MODIFY ("FORMAT_NAME" NOT NULL ENABLE);
--------------------------------------------------------
--  Constraints for Table AES_OPTIONS
--------------------------------------------------------

  ALTER TABLE "AES_USER"."AES_OPTIONS" ADD CONSTRAINT "PK_AES_OPTION" PRIMARY KEY ("OPTION_ID")
  USING INDEX PCTFREE 10 INITRANS 2 MAXTRANS 255 COMPUTE STATISTICS 
  STORAGE(INITIAL 65536 NEXT 1048576 MINEXTENTS 1 MAXEXTENTS 2147483645
  PCTINCREASE 0 FREELISTS 1 FREELIST GROUPS 1
  BUFFER_POOL DEFAULT FLASH_CACHE DEFAULT CELL_FLASH_CACHE DEFAULT)
  TABLESPACE "USERS"  ENABLE;
  ALTER TABLE "AES_USER"."AES_OPTIONS" ADD CONSTRAINT "CHECK_CORRECT" CHECK ( correct IN ( 0, 1 ) ) ENABLE;
  ALTER TABLE "AES_USER"."AES_OPTIONS" MODIFY ("QUESTION_ID" NOT NULL ENABLE);
  ALTER TABLE "AES_USER"."AES_OPTIONS" MODIFY ("CORRECT" NOT NULL ENABLE);
  ALTER TABLE "AES_USER"."AES_OPTIONS" MODIFY ("OPTION_TEXT" NOT NULL ENABLE);
--------------------------------------------------------
--  Constraints for Table AES_QUESTION
--------------------------------------------------------

  ALTER TABLE "AES_USER"."AES_QUESTION" ADD CONSTRAINT "PK_AES_QUESTION" PRIMARY KEY ("QUESTION_ID")
  USING INDEX PCTFREE 10 INITRANS 2 MAXTRANS 255 COMPUTE STATISTICS 
  STORAGE(INITIAL 65536 NEXT 1048576 MINEXTENTS 1 MAXEXTENTS 2147483645
  PCTINCREASE 0 FREELISTS 1 FREELIST GROUPS 1
  BUFFER_POOL DEFAULT FLASH_CACHE DEFAULT CELL_FLASH_CACHE DEFAULT)
  TABLESPACE "USERS"  ENABLE;
  ALTER TABLE "AES_USER"."AES_QUESTION" MODIFY ("QUESTION_TEXT" NOT NULL ENABLE);
  ALTER TABLE "AES_USER"."AES_QUESTION" MODIFY ("QUESTION_FORMAT_ID" NOT NULL ENABLE);
--------------------------------------------------------
--  Constraints for Table AES_QUESTION_CATEGORY
--------------------------------------------------------

  ALTER TABLE "AES_USER"."AES_QUESTION_CATEGORY" MODIFY ("CATEGORY_ID" NOT NULL ENABLE);
  ALTER TABLE "AES_USER"."AES_QUESTION_CATEGORY" MODIFY ("QUESTION_ID" NOT NULL ENABLE);
--------------------------------------------------------
--  Constraints for Table AES_QUESTION_TAG
--------------------------------------------------------

  ALTER TABLE "AES_USER"."AES_QUESTION_TAG" ADD CONSTRAINT "UN_Q_T" UNIQUE ("QUESTION_ID", "TAG_ID")
  USING INDEX PCTFREE 10 INITRANS 2 MAXTRANS 255 COMPUTE STATISTICS 
  STORAGE(INITIAL 65536 NEXT 1048576 MINEXTENTS 1 MAXEXTENTS 2147483645
  PCTINCREASE 0 FREELISTS 1 FREELIST GROUPS 1
  BUFFER_POOL DEFAULT FLASH_CACHE DEFAULT CELL_FLASH_CACHE DEFAULT)
  TABLESPACE "USERS"  ENABLE;
  ALTER TABLE "AES_USER"."AES_QUESTION_TAG" MODIFY ("TAG_ID" NOT NULL ENABLE);
  ALTER TABLE "AES_USER"."AES_QUESTION_TAG" MODIFY ("QUESTION_ID" NOT NULL ENABLE);
--------------------------------------------------------
--  Constraints for Table AES_ROLES
--------------------------------------------------------

  ALTER TABLE "AES_USER"."AES_ROLES" ADD UNIQUE ("ROLE_TITLE")
  USING INDEX PCTFREE 10 INITRANS 2 MAXTRANS 255 COMPUTE STATISTICS 
  STORAGE(INITIAL 65536 NEXT 1048576 MINEXTENTS 1 MAXEXTENTS 2147483645
  PCTINCREASE 0 FREELISTS 1 FREELIST GROUPS 1
  BUFFER_POOL DEFAULT FLASH_CACHE DEFAULT CELL_FLASH_CACHE DEFAULT)
  TABLESPACE "USERS"  ENABLE;
  ALTER TABLE "AES_USER"."AES_ROLES" ADD CONSTRAINT "PK_AES_ROLES" PRIMARY KEY ("ROLE_ID")
  USING INDEX PCTFREE 10 INITRANS 2 MAXTRANS 255 COMPUTE STATISTICS 
  STORAGE(INITIAL 65536 NEXT 1048576 MINEXTENTS 1 MAXEXTENTS 2147483645
  PCTINCREASE 0 FREELISTS 1 FREELIST GROUPS 1
  BUFFER_POOL DEFAULT FLASH_CACHE DEFAULT CELL_FLASH_CACHE DEFAULT)
  TABLESPACE "USERS"  ENABLE;
  ALTER TABLE "AES_USER"."AES_ROLES" MODIFY ("ROLE_TITLE" NOT NULL ENABLE);
--------------------------------------------------------
--  Constraints for Table AES_SECURITY
--------------------------------------------------------

  ALTER TABLE "AES_USER"."AES_SECURITY" ADD CONSTRAINT "PK_AES_SECURITY" PRIMARY KEY ("USER_ID")
  USING INDEX PCTFREE 10 INITRANS 2 MAXTRANS 255 COMPUTE STATISTICS 
  STORAGE(INITIAL 65536 NEXT 1048576 MINEXTENTS 1 MAXEXTENTS 2147483645
  PCTINCREASE 0 FREELISTS 1 FREELIST GROUPS 1
  BUFFER_POOL DEFAULT FLASH_CACHE DEFAULT CELL_FLASH_CACHE DEFAULT)
  TABLESPACE "USERS"  ENABLE;
  ALTER TABLE "AES_USER"."AES_SECURITY" ADD CONSTRAINT "CHECK_VALID" CHECK ( valid IN ( 0, 1 ) ) ENABLE;
  ALTER TABLE "AES_USER"."AES_SECURITY" MODIFY ("VALID" NOT NULL ENABLE);
  ALTER TABLE "AES_USER"."AES_SECURITY" MODIFY ("PASS_WORD" NOT NULL ENABLE);
--------------------------------------------------------
--  Constraints for Table AES_SNIPPET_RESPONSE
--------------------------------------------------------

  ALTER TABLE "AES_USER"."AES_SNIPPET_RESPONSE" ADD CONSTRAINT "UN_ST_A" UNIQUE ("SNIPPET_TEMPLATE_ID", "ASSESSMENT_ID")
  USING INDEX PCTFREE 10 INITRANS 2 MAXTRANS 255 COMPUTE STATISTICS 
  STORAGE(INITIAL 65536 NEXT 1048576 MINEXTENTS 1 MAXEXTENTS 2147483645
  PCTINCREASE 0 FREELISTS 1 FREELIST GROUPS 1
  BUFFER_POOL DEFAULT FLASH_CACHE DEFAULT CELL_FLASH_CACHE DEFAULT)
  TABLESPACE "USERS"  ENABLE;
  ALTER TABLE "AES_USER"."AES_SNIPPET_RESPONSE" MODIFY ("ASSESSMENT_ID" NOT NULL ENABLE);
  ALTER TABLE "AES_USER"."AES_SNIPPET_RESPONSE" MODIFY ("SNIPPET_TEMPLATE_ID" NOT NULL ENABLE);
--------------------------------------------------------
--  Constraints for Table AES_SNIPPET_TEMPLATE
--------------------------------------------------------

  ALTER TABLE "AES_USER"."AES_SNIPPET_TEMPLATE" ADD CONSTRAINT "PK_AES_SNIPPET_TEMPLATE" PRIMARY KEY ("SNIPPET_TEMPLATE_ID")
  USING INDEX PCTFREE 10 INITRANS 2 MAXTRANS 255 COMPUTE STATISTICS 
  STORAGE(INITIAL 65536 NEXT 1048576 MINEXTENTS 1 MAXEXTENTS 2147483645
  PCTINCREASE 0 FREELISTS 1 FREELIST GROUPS 1
  BUFFER_POOL DEFAULT FLASH_CACHE DEFAULT CELL_FLASH_CACHE DEFAULT)
  TABLESPACE "USERS"  ENABLE;
  ALTER TABLE "AES_USER"."AES_SNIPPET_TEMPLATE" MODIFY ("SOLUTION_URL" NOT NULL ENABLE);
  ALTER TABLE "AES_USER"."AES_SNIPPET_TEMPLATE" MODIFY ("SNIPPET_TEMPLATE_URL" NOT NULL ENABLE);
  ALTER TABLE "AES_USER"."AES_SNIPPET_TEMPLATE" MODIFY ("FILE_TYPE" NOT NULL ENABLE);
  ALTER TABLE "AES_USER"."AES_SNIPPET_TEMPLATE" MODIFY ("QUESTION_ID" NOT NULL ENABLE);
--------------------------------------------------------
--  Constraints for Table AES_TAGS
--------------------------------------------------------

  ALTER TABLE "AES_USER"."AES_TAGS" ADD UNIQUE ("TAG_NAME")
  USING INDEX PCTFREE 10 INITRANS 2 MAXTRANS 255 COMPUTE STATISTICS 
  STORAGE(INITIAL 65536 NEXT 1048576 MINEXTENTS 1 MAXEXTENTS 2147483645
  PCTINCREASE 0 FREELISTS 1 FREELIST GROUPS 1
  BUFFER_POOL DEFAULT FLASH_CACHE DEFAULT CELL_FLASH_CACHE DEFAULT)
  TABLESPACE "USERS"  ENABLE;
  ALTER TABLE "AES_USER"."AES_TAGS" ADD CONSTRAINT "PK_AES_TAG" PRIMARY KEY ("TAG_ID")
  USING INDEX PCTFREE 10 INITRANS 2 MAXTRANS 255 COMPUTE STATISTICS 
  STORAGE(INITIAL 65536 NEXT 1048576 MINEXTENTS 1 MAXEXTENTS 2147483645
  PCTINCREASE 0 FREELISTS 1 FREELIST GROUPS 1
  BUFFER_POOL DEFAULT FLASH_CACHE DEFAULT CELL_FLASH_CACHE DEFAULT)
  TABLESPACE "USERS"  ENABLE;
  ALTER TABLE "AES_USER"."AES_TAGS" MODIFY ("TAG_NAME" NOT NULL ENABLE);
--------------------------------------------------------
--  Constraints for Table AES_TEMPLATES
--------------------------------------------------------

  ALTER TABLE "AES_USER"."AES_TEMPLATES" ADD CONSTRAINT "PK_AES_TEMPLATES" PRIMARY KEY ("TEMPLATE_ID")
  USING INDEX PCTFREE 10 INITRANS 2 MAXTRANS 255 COMPUTE STATISTICS 
  STORAGE(INITIAL 65536 NEXT 1048576 MINEXTENTS 1 MAXEXTENTS 2147483645
  PCTINCREASE 0 FREELISTS 1 FREELIST GROUPS 1
  BUFFER_POOL DEFAULT FLASH_CACHE DEFAULT CELL_FLASH_CACHE DEFAULT)
  TABLESPACE "USERS"  ENABLE;
  ALTER TABLE "AES_USER"."AES_TEMPLATES" MODIFY ("CREATOR_ID" NOT NULL ENABLE);
  ALTER TABLE "AES_USER"."AES_TEMPLATES" MODIFY ("CREATE_TIMESTAMP" NOT NULL ENABLE);
--------------------------------------------------------
--  Constraints for Table AES_TEMPLATE_QUESTION
--------------------------------------------------------

  ALTER TABLE "AES_USER"."AES_TEMPLATE_QUESTION" ADD CONSTRAINT "UN_T_Q" UNIQUE ("TEMPLATE_ID", "QUESTION_ID")
  USING INDEX PCTFREE 10 INITRANS 2 MAXTRANS 255 COMPUTE STATISTICS 
  STORAGE(INITIAL 65536 NEXT 1048576 MINEXTENTS 1 MAXEXTENTS 2147483645
  PCTINCREASE 0 FREELISTS 1 FREELIST GROUPS 1
  BUFFER_POOL DEFAULT FLASH_CACHE DEFAULT CELL_FLASH_CACHE DEFAULT)
  TABLESPACE "USERS"  ENABLE;
  ALTER TABLE "AES_USER"."AES_TEMPLATE_QUESTION" ADD CONSTRAINT "PK_AES_TEMPLATE_QUESTION" PRIMARY KEY ("TEMPLATE_QUESTION_ID")
  USING INDEX PCTFREE 10 INITRANS 2 MAXTRANS 255 COMPUTE STATISTICS 
  STORAGE(INITIAL 65536 NEXT 1048576 MINEXTENTS 1 MAXEXTENTS 2147483645
  PCTINCREASE 0 FREELISTS 1 FREELIST GROUPS 1
  BUFFER_POOL DEFAULT FLASH_CACHE DEFAULT CELL_FLASH_CACHE DEFAULT)
  TABLESPACE "USERS"  ENABLE;
  ALTER TABLE "AES_USER"."AES_TEMPLATE_QUESTION" MODIFY ("QUESTION_ID" NOT NULL ENABLE);
  ALTER TABLE "AES_USER"."AES_TEMPLATE_QUESTION" MODIFY ("TEMPLATE_ID" NOT NULL ENABLE);
--------------------------------------------------------
--  Constraints for Table AES_USERS
--------------------------------------------------------

  ALTER TABLE "AES_USER"."AES_USERS" ADD UNIQUE ("EMAIL")
  USING INDEX PCTFREE 10 INITRANS 2 MAXTRANS 255 COMPUTE STATISTICS 
  STORAGE(INITIAL 65536 NEXT 1048576 MINEXTENTS 1 MAXEXTENTS 2147483645
  PCTINCREASE 0 FREELISTS 1 FREELIST GROUPS 1
  BUFFER_POOL DEFAULT FLASH_CACHE DEFAULT CELL_FLASH_CACHE DEFAULT)
  TABLESPACE "USERS"  ENABLE;
  ALTER TABLE "AES_USER"."AES_USERS" ADD CONSTRAINT "PK_AES_USERS" PRIMARY KEY ("USER_ID")
  USING INDEX PCTFREE 10 INITRANS 2 MAXTRANS 255 COMPUTE STATISTICS 
  STORAGE(INITIAL 65536 NEXT 1048576 MINEXTENTS 1 MAXEXTENTS 2147483645
  PCTINCREASE 0 FREELISTS 1 FREELIST GROUPS 1
  BUFFER_POOL DEFAULT FLASH_CACHE DEFAULT CELL_FLASH_CACHE DEFAULT)
  TABLESPACE "USERS"  ENABLE;
  ALTER TABLE "AES_USER"."AES_USERS" MODIFY ("DATE_PASS_ISSUED" NOT NULL ENABLE);
  ALTER TABLE "AES_USER"."AES_USERS" MODIFY ("ROLE_ID" NOT NULL ENABLE);
  ALTER TABLE "AES_USER"."AES_USERS" MODIFY ("LASTNAME" NOT NULL ENABLE);
  ALTER TABLE "AES_USER"."AES_USERS" MODIFY ("FIRSTNAME" NOT NULL ENABLE);
  ALTER TABLE "AES_USER"."AES_USERS" MODIFY ("EMAIL" NOT NULL ENABLE);
--------------------------------------------------------
--  Constraints for Table AES_USER_TRAINERS
--------------------------------------------------------

  ALTER TABLE "AES_USER"."AES_USER_TRAINERS" ADD CONSTRAINT "UN_U_T" UNIQUE ("USER_ID", "TRAINER_ID")
  USING INDEX PCTFREE 10 INITRANS 2 MAXTRANS 255 COMPUTE STATISTICS 
  STORAGE(INITIAL 65536 NEXT 1048576 MINEXTENTS 1 MAXEXTENTS 2147483645
  PCTINCREASE 0 FREELISTS 1 FREELIST GROUPS 1
  BUFFER_POOL DEFAULT FLASH_CACHE DEFAULT CELL_FLASH_CACHE DEFAULT)
  TABLESPACE "USERS"  ENABLE;
  ALTER TABLE "AES_USER"."AES_USER_TRAINERS" MODIFY ("TRAINER_ID" NOT NULL ENABLE);
  ALTER TABLE "AES_USER"."AES_USER_TRAINERS" MODIFY ("USER_ID" NOT NULL ENABLE);
--------------------------------------------------------
--  Ref Constraints for Table AES_ASSESSMENT
--------------------------------------------------------

  ALTER TABLE "AES_USER"."AES_ASSESSMENT" ADD CONSTRAINT "FK_A_TEMPLATE" FOREIGN KEY ("TEMPLATE_ID")
	  REFERENCES "AES_USER"."AES_TEMPLATES" ("TEMPLATE_ID") ON DELETE CASCADE ENABLE;
  ALTER TABLE "AES_USER"."AES_ASSESSMENT" ADD CONSTRAINT "FK_A_USER" FOREIGN KEY ("USER_ID")
	  REFERENCES "AES_USER"."AES_USERS" ("USER_ID") ON DELETE CASCADE ENABLE;
--------------------------------------------------------
--  Ref Constraints for Table AES_ASSESSMENT_AUTH
--------------------------------------------------------

  ALTER TABLE "AES_USER"."AES_ASSESSMENT_AUTH" ADD CONSTRAINT "FK_ASSESSMENT_AUTH_USER_ID" FOREIGN KEY ("USER_ID")
	  REFERENCES "AES_USER"."AES_USERS" ("USER_ID") ON DELETE CASCADE ENABLE;
--------------------------------------------------------
--  Ref Constraints for Table AES_ASSESSMENT_DRAG_DROP
--------------------------------------------------------

  ALTER TABLE "AES_USER"."AES_ASSESSMENT_DRAG_DROP" ADD CONSTRAINT "FK_AD_ASSESSMENT_ID" FOREIGN KEY ("ASSESSMENT_ID")
	  REFERENCES "AES_USER"."AES_ASSESSMENT" ("ASSESSMENT_ID") ON DELETE CASCADE ENABLE;
  ALTER TABLE "AES_USER"."AES_ASSESSMENT_DRAG_DROP" ADD CONSTRAINT "FK_AD_DRAG_DROP_ID" FOREIGN KEY ("DRAG_DROP_ID")
	  REFERENCES "AES_USER"."AES_DRAG_DROP" ("DRAG_DROP_ID") ON DELETE CASCADE ENABLE;
--------------------------------------------------------
--  Ref Constraints for Table AES_ASSESSMENT_OPTIONS
--------------------------------------------------------

  ALTER TABLE "AES_USER"."AES_ASSESSMENT_OPTIONS" ADD CONSTRAINT "FK_AO_ASSESSMENT_ID" FOREIGN KEY ("ASSESSMENT_ID")
	  REFERENCES "AES_USER"."AES_ASSESSMENT" ("ASSESSMENT_ID") ON DELETE CASCADE ENABLE;
  ALTER TABLE "AES_USER"."AES_ASSESSMENT_OPTIONS" ADD CONSTRAINT "FK_AO_OPTION_ID" FOREIGN KEY ("OPTION_ID")
	  REFERENCES "AES_USER"."AES_OPTIONS" ("OPTION_ID") ON DELETE CASCADE ENABLE;
--------------------------------------------------------
--  Ref Constraints for Table AES_DRAG_DROP
--------------------------------------------------------

  ALTER TABLE "AES_USER"."AES_DRAG_DROP" ADD CONSTRAINT "FK_QUESTION_ID" FOREIGN KEY ("QUESTION_ID")
	  REFERENCES "AES_USER"."AES_QUESTION" ("QUESTION_ID") ON DELETE CASCADE ENABLE;
--------------------------------------------------------
--  Ref Constraints for Table AES_FILE_UPLOAD
--------------------------------------------------------

  ALTER TABLE "AES_USER"."AES_FILE_UPLOAD" ADD CONSTRAINT "FK_FU_ASSESSMENT" FOREIGN KEY ("ASSESSMENT_ID")
	  REFERENCES "AES_USER"."AES_ASSESSMENT" ("ASSESSMENT_ID") ON DELETE CASCADE ENABLE;
  ALTER TABLE "AES_USER"."AES_FILE_UPLOAD" ADD CONSTRAINT "FK_FU_QUESTION" FOREIGN KEY ("QUESTION_ID")
	  REFERENCES "AES_USER"."AES_QUESTION" ("QUESTION_ID") ON DELETE CASCADE ENABLE;
--------------------------------------------------------
--  Ref Constraints for Table AES_OPTIONS
--------------------------------------------------------

  ALTER TABLE "AES_USER"."AES_OPTIONS" ADD CONSTRAINT "FK_O_QUESTION_ID" FOREIGN KEY ("QUESTION_ID")
	  REFERENCES "AES_USER"."AES_QUESTION" ("QUESTION_ID") ON DELETE CASCADE ENABLE;
--------------------------------------------------------
--  Ref Constraints for Table AES_QUESTION
--------------------------------------------------------

  ALTER TABLE "AES_USER"."AES_QUESTION" ADD CONSTRAINT "FK_QUESTION_FORMAT_ID" FOREIGN KEY ("QUESTION_FORMAT_ID")
	  REFERENCES "AES_USER"."AES_FORMATS" ("FORMAT_ID") ON DELETE CASCADE ENABLE;
--------------------------------------------------------
--  Ref Constraints for Table AES_QUESTION_CATEGORY
--------------------------------------------------------

  ALTER TABLE "AES_USER"."AES_QUESTION_CATEGORY" ADD CONSTRAINT "FK_QC_CATEGORY_ID" FOREIGN KEY ("CATEGORY_ID")
	  REFERENCES "AES_USER"."AES_CATEGORY" ("CATEGORY_ID") ON DELETE CASCADE ENABLE;
  ALTER TABLE "AES_USER"."AES_QUESTION_CATEGORY" ADD CONSTRAINT "FK_QC_QUESTION_ID" FOREIGN KEY ("QUESTION_ID")
	  REFERENCES "AES_USER"."AES_QUESTION" ("QUESTION_ID") ON DELETE CASCADE ENABLE;
--------------------------------------------------------
--  Ref Constraints for Table AES_QUESTION_TAG
--------------------------------------------------------

  ALTER TABLE "AES_USER"."AES_QUESTION_TAG" ADD CONSTRAINT "FK_QT_QUESTION_ID" FOREIGN KEY ("QUESTION_ID")
	  REFERENCES "AES_USER"."AES_QUESTION" ("QUESTION_ID") ON DELETE CASCADE ENABLE;
  ALTER TABLE "AES_USER"."AES_QUESTION_TAG" ADD CONSTRAINT "FK_QT_TAG_ID" FOREIGN KEY ("TAG_ID")
	  REFERENCES "AES_USER"."AES_TAGS" ("TAG_ID") ON DELETE CASCADE ENABLE;
--------------------------------------------------------
--  Ref Constraints for Table AES_SECURITY
--------------------------------------------------------

  ALTER TABLE "AES_USER"."AES_SECURITY" ADD CONSTRAINT "FK_S_USER" FOREIGN KEY ("USER_ID")
	  REFERENCES "AES_USER"."AES_USERS" ("USER_ID") ON DELETE CASCADE ENABLE;
--------------------------------------------------------
--  Ref Constraints for Table AES_SNIPPET_RESPONSE
--------------------------------------------------------

  ALTER TABLE "AES_USER"."AES_SNIPPET_RESPONSE" ADD CONSTRAINT "FK_SR_ASSESSMENT_ID" FOREIGN KEY ("ASSESSMENT_ID")
	  REFERENCES "AES_USER"."AES_ASSESSMENT" ("ASSESSMENT_ID") ENABLE;
  ALTER TABLE "AES_USER"."AES_SNIPPET_RESPONSE" ADD CONSTRAINT "FK_SR_SNIPPET_TEMPLATE_ID" FOREIGN KEY ("SNIPPET_TEMPLATE_ID")
	  REFERENCES "AES_USER"."AES_SNIPPET_TEMPLATE" ("SNIPPET_TEMPLATE_ID") ENABLE;
--------------------------------------------------------
--  Ref Constraints for Table AES_SNIPPET_TEMPLATE
--------------------------------------------------------

  ALTER TABLE "AES_USER"."AES_SNIPPET_TEMPLATE" ADD CONSTRAINT "FK_ST_QUESTION_ID" FOREIGN KEY ("QUESTION_ID")
	  REFERENCES "AES_USER"."AES_QUESTION" ("QUESTION_ID") ENABLE;
--------------------------------------------------------
--  Ref Constraints for Table AES_TEMPLATES
--------------------------------------------------------

  ALTER TABLE "AES_USER"."AES_TEMPLATES" ADD CONSTRAINT "FK_TEMPLATES_CREATOR_ID" FOREIGN KEY ("CREATOR_ID")
	  REFERENCES "AES_USER"."AES_USERS" ("USER_ID") ON DELETE CASCADE ENABLE;
--------------------------------------------------------
--  Ref Constraints for Table AES_TEMPLATE_QUESTION
--------------------------------------------------------

  ALTER TABLE "AES_USER"."AES_TEMPLATE_QUESTION" ADD CONSTRAINT "FK_TC_QUESTION_ID" FOREIGN KEY ("QUESTION_ID")
	  REFERENCES "AES_USER"."AES_QUESTION" ("QUESTION_ID") ON DELETE CASCADE ENABLE;
  ALTER TABLE "AES_USER"."AES_TEMPLATE_QUESTION" ADD CONSTRAINT "FK_TEMPLATE_ID" FOREIGN KEY ("TEMPLATE_ID")
	  REFERENCES "AES_USER"."AES_TEMPLATES" ("TEMPLATE_ID") ON DELETE CASCADE ENABLE;
--------------------------------------------------------
--  Ref Constraints for Table AES_USERS
--------------------------------------------------------

  ALTER TABLE "AES_USER"."AES_USERS" ADD CONSTRAINT "FK_U_USERS_ROLE" FOREIGN KEY ("ROLE_ID")
	  REFERENCES "AES_USER"."AES_ROLES" ("ROLE_ID") ON DELETE CASCADE ENABLE;
--------------------------------------------------------
--  Ref Constraints for Table AES_USER_TRAINERS
--------------------------------------------------------

  ALTER TABLE "AES_USER"."AES_USER_TRAINERS" ADD CONSTRAINT "FK_UT_TRAINER" FOREIGN KEY ("TRAINER_ID")
	  REFERENCES "AES_USER"."AES_USERS" ("USER_ID") ON DELETE CASCADE ENABLE;
  ALTER TABLE "AES_USER"."AES_USER_TRAINERS" ADD CONSTRAINT "FK_UT_USER" FOREIGN KEY ("USER_ID")
	  REFERENCES "AES_USER"."AES_USERS" ("USER_ID") ON DELETE CASCADE ENABLE;
